AAPL,AIG,AML.L,AMZN,BHC,BP,BRK-B,HSBA.L,HDLV.L,IAG.L,NKE,KO,DIS,WMT,V,IUKP.L,EXS1.DE,VUSA.L,VWRL.L,VUKG.L,IITU.L,CNDX.L,BARC.L,RDSA.L,TSCO.L,EXW1.DE,NKLA,TSLA,VOD.L,AZN.L,GSK.L,IBM,PH,VZ,FDX,UBER,PTON,NIO,NFLX,BYND,GOOG,GOOGL,TWTR,BABA,WORK,NVDA,SNAP,PMO,SPCE,MKS.L,BCS,JD,ET,GOLD,SCHW,BSX,EXC,KGC,EPD,MGM,RKT,RF,AMAT,SYF,HPQ,FOXA,CS,BEN,HTZ,ACB,UXIN,TLRY,AMC,SOL,GPRO,TWO,MSFT,FB,TCEHY,TCTZF,TSM,JNJ,PG,NSRGY,NSRGF,MA,HD,UNH,JPM-ph,JPM,RHHBY,IDCBY,LVMUY,CICHF,CICHY,ADBE,PYPL,CRM,INTC,PNGAY,LFC,BML-pl,BAC-pm,BAC,BML-pg,BML-ph,BML-pj,IDCBF,PFE,CMCSA,MRK,MPNGF,NVSEF,NVS,PEP,LRLCY,ABT,T,TBC,TMO,TM,SAP,SAPGF,ORCL,MCD,COST,ACGBY,CSCO,NVO,UL,UN,ASML,PROSY,AVGO,UPS,CIHKY,ABBV,NEE,ACN,MDT,DHR,QCOM,XOM,UNP,TMUS,TXN,CVX,LLY,AZNCF,AZN,BMY,AMGN,LOW,CHL
116.6687240600586,31.670000076293945,48.279998779296875,3184.93994140625,17.56999969482422,15.520858764648438,210.17999267578125,302.3999938964844,25.795000076293945,100.44999694824219,129.42999267578125,49.9900016784668,126.62999725341797,144.39999389648438,198.13145446777344,492.54998779296875,110.16000366210938,51.375,74.52999877929688,25.337499618530273,14.9350004196167,671.0250244140625,102.72000122070312,924.1856689453125,213.0,32.6349983215332,22.239999771118164,422.6400146484375,106.55999755859375,7920.0,1336.025634765625,113.41541290283203,221.49203491210938,56.75,282.2799987792969,35.20000076293945,124.30000305175781,27.860000610351562,489.04998779296875,177.91000366210938,1593.31005859375,1585.989990234375,50.2400016784668,307.9700012207031,28.8700008392334,540.989990234375,36.5,13.056999206542969,20.440000534057617,95.0999984741211,5.360000133514404,82.62999725341797,5.663272857666016,27.3700008392334,38.77842330932617,37.150001525878906,42.13999938964844,9.119999885559082,16.641324996948242,21.40999984741211,20.010000228881836,12.789999961853027,62.11000061035156,26.62790298461914,19.219999313354492,26.56999969482422,10.630000114440918,22.760000228881836,1.600000023841858,4.849999904632568,1.090000033378601,6.449999809265137,3.0,3.640000104904175,6.550000190734863,5.199999809265137,214.8000030517578,278.7300109863281,72.88999938964844,72.52999877929688,87.63999938964844,143.92999267578125,142.45899963378906,117.76000213623047,117.44999694824219,333.4200134277344,284.510009765625,322.7900085449219,25.30427360534668,99.37000274658203,41.08000183105469,11.779999732971191,101.41999816894531,0.7300000190734863,14.5600004196167,495.9599914550781,213.07000732421875,254.22999572753906,53.113677978515625,21.90999984741211,11.960000038146973,24.67174530029297,26.809999465942383,24.049999237060547,21.59352684020996,21.196372985839844,24.645004272460938,0.5899999737739563,36.70254898071289,44.52000045776367,78.06999969482422,34.599998474121094,85.6500015258789,84.13999938964844,139.60000610351562,67.9000015258789,105.93000030517578,26.719999313354492,27.450000762939453,468.760009765625,133.13999938964844,148.3699951171875,150.2100067138672,59.66999816894531,228.19000244140625,377.0953369140625,8.789999961853027,39.060001373291016,70.8499984741211,61.068241119384766,60.280879974365234,381.50494384765625,19.303932189941406,372.04998779296875,171.68309020996094,27.639999389648438,82.88999938964844,74.41999816894531,233.10000610351562,109.2300033569336,226.5500030517578,128.5500030517578,32.378814697265625,199.47999572753906,112.41999816894531,145.08767700195312,70.87000274658203,140.58763122558594,104.0,51.56999969482422,60.029998779296875,228.97000122070312,174.5,33.290000915527344
115.55064392089844,32.0099983215332,49.47999954223633,3176.39990234375,18.0,15.7855863571167,211.61000061035156,306.95001220703125,25.975000381469727,104.8499984741211,130.02000427246094,50.68000030517578,127.55999755859375,143.5500030517578,197.692138671875,494.0,110.16000366210938,51.375,74.52999877929688,25.412500381469727,14.78499984741211,671.0250244140625,104.27999877929688,935.13037109375,210.6999969482422,32.6349983215332,22.719999313354492,425.7900085449219,108.76000213623047,7955.0,1315.890380859375,114.10541534423828,224.44009399414062,57.33000183105469,275.95001220703125,36.70000076293945,120.80000305175781,27.3799991607666,485.2300109863281,172.1699981689453,1615.3299560546875,1606.6600341796875,50.279998779296875,306.2799987792969,28.6200008392334,534.4400024414062,38.970001220703125,12.9399995803833,20.729999542236328,97.66000366210938,5.5,81.30999755859375,6.071261882781982,26.889999389648438,39.973751068115234,36.86000061035156,42.22999954223633,8.779999732971191,17.137935638427734,22.6200008392334,20.25,13.800000190734863,61.70000076293945,27.71839714050293,19.350000381469727,27.459999084472656,10.65999984741211,23.18000030517578,1.7599999904632568,4.849999904632568,1.059999942779541,6.829999923706055,3.119999885559082,3.7300000190734863,6.630000114440918,5.320000171661377,214.88999938964844,278.1199951171875,72.19999694824219,72.1500015258789,88.20999908447266,145.0800018310547,141.4499969482422,116.79000091552734,118.0,333.6000061035156,281.1600036621094,325.7300109863281,25.284574508666992,102.87999725341797,40.95000076293945,12.140000343322754,100.51000213623047,0.7300000190734863,14.899999618530273,483.6000061035156,203.92999267578125,249.6699981689453,53.51079177856445,21.920000076293945,12.140000343322754,24.641958236694336,26.90999984741211,24.8700008392334,21.712499618530273,21.240976333618164,24.66618537902832,0.6000000238418579,37.04898452758789,45.11000061035156,79.20999908447266,34.79999923706055,84.5999984741211,84.41000366210938,139.61000061035156,68.61000061035156,109.4800033569336,28.280000686645508,27.5,481.989990234375,133.4199981689453,147.63999938964844,145.35000610351562,59.689998626708984,229.14999389648438,375.029296875,8.960000038146973,38.81999969482422,70.87999725341797,61.05832290649414,60.241214752197266,374.0342102050781,19.030000686645508,373.3699951171875,171.94151306152344,28.3799991607666,84.30999755859375,75.56749725341797,228.13999938964844,111.83999633789062,233.97999572753906,128.3800048828125,34.03876495361328,187.13999938964844,111.63999938964844,147.1627655029297,73.4000015258789,140.92588806152344,102.76000213623047,51.959999084472656,60.7599983215332,227.97999572753906,171.25,32.65999984741211
114.84187316894531,32.380001068115234,50.0,3204.39990234375,18.360000610351562,15.73656177520752,212.7100067138672,321.3999938964844,26.280000686645508,109.0,129.99000549316406,50.52000045776367,128.35000610351562,143.85000610351562,197.71209716796875,4.973899841308594,107.62000274658203,50.203800201416016,73.19999694824219,25.6924991607666,1131.5,652.8900146484375,111.54000091552734,958.2029418945312,214.10000610351562,32.08000183105469,22.540000915527344,420.6300048828125,112.5999984741211,7943.0,1326.3529052734375,114.34197998046875,225.24681091308594,57.959999084472656,283.55999755859375,36.75,122.52999877929688,27.15999984741211,488.2799987792969,171.72999572753906,1641.0,1632.97998046875,50.439998626708984,309.9200134277344,28.760000228881836,543.6099853515625,43.16999816894531,12.899999618530273,19.139999389648438,97.83999633789062,5.829999923706055,81.33999633789062,6.1198320388793945,26.809999465942383,40.192893981933594,37.16999816894531,42.20000076293945,8.609999656677246,17.167146682739258,23.360000610351562,20.56999969482422,13.779999732971191,60.95000076293945,27.510211944580078,19.1200008392334,27.079999923706055,10.869999885559082,23.219999313354492,1.75,4.679999828338623,1.0,6.730000019073486,2.9700000286102295,3.569999933242798,6.824999809265137,5.409999847412109,216.22999572753906,284.7900085449219,73.02999877929688,72.9000015258789,88.30999755859375,145.24000549316406,142.3800048828125,118.23999786376953,117.0,329.6099853515625,283.0,330.6000061035156,25.274723052978516,103.80999755859375,41.029998779296875,12.229999542236328,101.7699966430664,0.7300000190734863,14.9399995803833,488.5,203.0399932861328,250.52000427246094,47.85194778442383,22.479999542236328,12.390000343322754,24.731124877929688,27.030000686645508,24.899999618530273,21.712499618530273,21.31035804748535,24.835052490234375,0.6000000238418579,37.79134750366211,45.060001373291016,79.83000183105469,33.86000061035156,84.5999984741211,84.43000030517578,139.55999755859375,68.66999816894531,107.79000091552734,27.81999969482422,27.540000915527344,480.1700134277344,133.27999877929688,149.67999267578125,145.35000610351562,59.900001525878906,228.7100067138672,373.88153076171875,9.09000015258789,38.81999969482422,70.73999786376953,60.810401916503906,60.14205551147461,377.082275390625,19.030000686645508,372.7200012207031,170.8581085205078,28.3700008392334,84.33999633789062,75.76750183105469,229.6999969482422,111.41999816894531,232.66000366210938,128.8800048828125,33.355255126953125,188.13999938964844,112.37999725341797,148.89036560058594,72.56999969482422,141.65216064453125,105.20999908447266,52.0,60.130001068115234,227.16000366210938,172.13999938964844,32.869998931884766
114.84187316894531,32.380001068115234,50.0,3204.39990234375,18.360000610351562,15.73656177520752,212.7100067138672,321.3999938964844,26.280000686645508,109.0,129.99000549316406,50.52000045776367,128.35000610351562,143.85000610351562,197.71209716796875,4.973899841308594,107.62000274658203,50.203800201416016,73.19999694824219,25.6924991607666,1131.5,652.8900146484375,111.54000091552734,958.2029418945312,214.10000610351562,32.08000183105469,22.540000915527344,420.6300048828125,112.5999984741211,7943.0,1326.3529052734375,114.34197998046875,225.24681091308594,57.959999084472656,283.55999755859375,36.75,122.52999877929688,27.15999984741211,488.2799987792969,171.72999572753906,1641.0,1632.97998046875,50.439998626708984,309.9200134277344,28.760000228881836,543.6099853515625,43.16999816894531,12.899999618530273,19.139999389648438,97.83999633789062,5.829999923706055,81.33999633789062,6.1198320388793945,26.809999465942383,40.192893981933594,37.16999816894531,42.20000076293945,8.609999656677246,17.167146682739258,23.360000610351562,20.56999969482422,13.779999732971191,60.95000076293945,27.510211944580078,19.1200008392334,27.079999923706055,10.869999885559082,23.219999313354492,1.75,4.679999828338623,1.0,6.730000019073486,2.9700000286102295,3.569999933242798,6.824999809265137,5.409999847412109,216.22999572753906,284.7900085449219,73.02999877929688,72.9000015258789,88.30999755859375,145.24000549316406,142.3800048828125,118.23999786376953,117.0,329.6099853515625,283.0,330.6000061035156,25.274723052978516,103.80999755859375,41.029998779296875,12.229999542236328,101.7699966430664,0.7300000190734863,14.9399995803833,488.5,203.0399932861328,250.52000427246094,47.85194778442383,22.479999542236328,12.390000343322754,24.731124877929688,27.030000686645508,24.899999618530273,21.712499618530273,21.31035804748535,24.835052490234375,0.6000000238418579,37.79134750366211,45.060001373291016,79.83000183105469,33.86000061035156,84.5999984741211,84.43000030517578,139.55999755859375,68.66999816894531,107.79000091552734,27.81999969482422,27.540000915527344,480.1700134277344,133.27999877929688,149.67999267578125,145.35000610351562,59.900001525878906,228.7100067138672,373.88153076171875,9.09000015258789,38.81999969482422,70.73999786376953,60.810401916503906,60.14205551147461,377.082275390625,19.030000686645508,372.7200012207031,170.8581085205078,28.3700008392334,84.33999633789062,75.76750183105469,229.6999969482422,111.41999816894531,232.66000366210938,128.8800048828125,33.355255126953125,188.13999938964844,112.37999725341797,148.89036560058594,72.56999969482422,141.65216064453125,105.20999908447266,52.0,60.130001068115234,227.16000366210938,172.13999938964844,32.869998931884766
114.84187316894531,32.380001068115234,50.0,3204.39990234375,18.360000610351562,15.73656177520752,212.7100067138672,321.3999938964844,26.280000686645508,109.0,129.99000549316406,50.52000045776367,128.35000610351562,143.85000610351562,197.71209716796875,4.973899841308594,107.62000274658203,50.203800201416016,73.19999694824219,25.6924991607666,1131.5,652.8900146484375,111.54000091552734,958.2029418945312,214.10000610351562,32.08000183105469,22.540000915527344,420.6300048828125,112.5999984741211,7943.0,1326.3529052734375,114.34197998046875,225.24681091308594,57.959999084472656,283.55999755859375,36.75,122.52999877929688,27.15999984741211,488.2799987792969,171.72999572753906,1641.0,1632.97998046875,50.439998626708984,309.9200134277344,28.760000228881836,543.6099853515625,43.16999816894531,12.899999618530273,19.139999389648438,97.83999633789062,5.829999923706055,81.33999633789062,6.1198320388793945,26.809999465942383,40.192893981933594,37.16999816894531,42.20000076293945,8.609999656677246,17.167146682739258,23.360000610351562,20.56999969482422,13.779999732971191,60.95000076293945,27.510211944580078,19.1200008392334,27.079999923706055,10.869999885559082,23.219999313354492,1.75,4.679999828338623,1.0,6.730000019073486,2.9700000286102295,3.569999933242798,6.824999809265137,5.409999847412109,216.22999572753906,284.7900085449219,73.02999877929688,72.9000015258789,88.30999755859375,145.24000549316406,142.3800048828125,118.23999786376953,117.0,329.6099853515625,283.0,330.6000061035156,25.274723052978516,103.80999755859375,41.029998779296875,12.229999542236328,101.7699966430664,0.7300000190734863,14.9399995803833,488.5,203.0399932861328,250.52000427246094,47.85194778442383,22.479999542236328,12.390000343322754,24.731124877929688,27.030000686645508,24.899999618530273,21.712499618530273,21.31035804748535,24.835052490234375,0.6000000238418579,37.79134750366211,45.060001373291016,79.83000183105469,33.86000061035156,84.5999984741211,84.43000030517578,139.55999755859375,68.66999816894531,107.79000091552734,27.81999969482422,27.540000915527344,480.1700134277344,133.27999877929688,149.67999267578125,145.35000610351562,59.900001525878906,228.7100067138672,373.88153076171875,9.09000015258789,38.81999969482422,70.73999786376953,60.810401916503906,60.14205551147461,377.082275390625,19.030000686645508,372.7200012207031,170.8581085205078,28.3700008392334,84.33999633789062,75.76750183105469,229.6999969482422,111.41999816894531,232.66000366210938,128.8800048828125,33.355255126953125,188.13999938964844,112.37999725341797,148.89036560058594,72.56999969482422,141.65216064453125,105.20999908447266,52.0,60.130001068115234,227.16000366210938,172.13999938964844,32.869998931884766
114.85185241699219,31.260000228881836,52.150001525878906,3207.0400390625,17.829999923706055,15.49144458770752,208.49000549316406,319.3500061035156,25.69499969482422,100.69999694824219,128.3699951171875,49.79999923706055,124.05999755859375,142.16000366210938,192.779541015625,493.6000061035156,107.62000274658203,50.203800201416016,73.19999694824219,25.4375,14.470000267028809,652.8900146484375,110.5199966430664,930.2003784179688,212.3000030517578,32.08000183105469,20.90999984741211,420.2799987792969,109.73999786376953,8077.0,1327.3399658203125,110.61601257324219,217.8468017578125,57.810001373291016,277.6199951171875,35.4900016784668,118.0999984741211,26.010000228881836,488.239990234375,164.5399932861328,1590.449951171875,1584.2900390625,49.0,306.8699951171875,27.75,525.6500244140625,41.27000045776367,12.800000190734863,18.31999969482422,95.23999786376953,5.739999771118164,81.41000366210938,6.003263473510742,26.6299991607666,38.9975700378418,36.86000061035156,41.70000076293945,8.510000228881836,16.855548858642578,22.1299991607666,19.8799991607666,13.350000381469727,59.5099983215332,26.657642364501953,18.25,26.40999984741211,10.6899995803833,22.84000015258789,1.6699999570846558,4.400000095367432,0.9359999895095825,5.860000133514404,2.75,3.2200000286102295,6.429999828338623,5.210000038146973,210.0800018310547,277.1099853515625,72.58999633789062,72.55000305175781,86.7300033569336,143.97000122070312,141.3000030517578,117.61000061035156,117.9000015258789,318.05999755859375,276.0400085449219,323.05999755859375,25.18607521057129,101.23999786376953,41.22999954223633,12.15999984741211,99.41999816894531,0.7400000095367432,14.779999732971191,475.20001220703125,197.22000122070312,241.97999572753906,46.38263702392578,22.139999389648438,12.210000038146973,24.661849975585938,26.8799991607666,24.540000915527344,21.742141723632812,21.25088882446289,24.785560607910156,0.6000000238418579,37.533992767333984,43.77000045776367,78.83999633789062,33.68000030517578,83.83000183105469,84.18000030517578,138.05999755859375,67.51000213623047,109.0,27.3799991607666,27.450000762939453,482.42999267578125,132.85000610351562,115.0199966430664,114.75,57.4900016784668,224.27000427246094,369.99896240234375,8.989999771118164,37.66999816894531,69.6500015258789,60.25505065917969,59.3884162902832,366.05548095703125,19.100000381469727,363.0400085449219,166.9817657470703,28.0,83.91999816894531,75.6624984741211,219.22999572753906,107.93000030517578,234.91000366210938,126.19999694824219,32.564334869384766,184.6999969482422,111.77999877929688,144.90895080566406,70.94000244140625,140.9756317138672,106.0,53.06999969482422,59.66999816894531,224.88999938964844,168.1300048828125,32.720001220703125
116.39917755126953,31.15999984741211,54.5,3286.330078125,17.739999771118164,15.079647064208984,206.8800048828125,330.1000061035156,25.56999969482422,96.36000061035156,127.98999786376953,49.900001525878906,123.30999755859375,142.8699951171875,189.77406311035156,485.54998779296875,107.62000274658203,50.203800201416016,73.19999694824219,25.1924991607666,14.585000038146973,652.8900146484375,106.5999984741211,906.5361328125,209.1999969482422,32.08000183105469,21.389999389648438,424.67999267578125,106.0199966430664,8056.0,1343.32958984375,108.979736328125,210.9049530029297,57.380001068115234,274.4100036621094,34.15999984741211,121.1500015258789,28.440000534057617,488.92999267578125,161.9499969482422,1604.260009765625,1598.8800048828125,51.27000045776367,317.1400146484375,27.93000030517578,535.8699951171875,41.540000915527344,12.739999771118164,18.290000915527344,93.45999908447266,5.489999771118164,83.01000213623047,5.488420486450195,27.09000015258789,38.32021713256836,36.04999923706055,41.150001525878906,8.75,16.806861877441406,21.040000915527344,20.110000610351562,12.899999618530273,58.83000183105469,26.003345489501953,17.979999542236328,26.184999465942383,10.34000015258789,19.729999542236328,1.6200000047683716,4.0,1.0399999618530273,5.590000152587891,2.7899999618530273,3.130000114440918,6.409999847412109,5.239999771118164,213.25,283.2900085449219,76.75,76.54000091552734,86.70999908447266,143.14999389648438,142.36000061035156,116.55999755859375,116.79000091552734,317.1099853515625,276.8399963378906,320.510009765625,25.225475311279297,99.33000183105469,41.209999084472656,11.779999732971191,98.0999984741211,0.7300000190734863,14.470000267028809,478.55999755859375,200.42999267578125,250.3000030517578,45.31043243408203,21.760000228881836,11.819999694824219,24.691539764404297,26.84000015258789,23.850000381469727,21.662927627563477,21.300445556640625,24.68360710144043,0.6000000238418579,37.04898452758789,43.439998626708984,77.98999786376953,34.599998474121094,82.0,80.94999694824219,139.1199951171875,67.58000183105469,108.58000183105469,26.920000076293945,27.450000762939453,489.29998779296875,132.4600067138672,114.5,116.44999694824219,57.08000183105469,222.97000122070312,372.005126953125,8.8100004196167,36.869998931884766,67.94999694824219,60.4831428527832,59.97347640991211,364.9398498535156,19.709999084472656,359.6000061035156,169.80453491210938,27.350000381469727,82.70999908447266,75.77999877929688,220.66000366210938,105.20999908447266,239.77999877929688,125.91000366210938,32.04682540893555,179.57000732421875,112.81999969482422,146.0706024169922,69.51000213623047,131.22572326660156,105.6500015258789,52.47999954223633,58.7400016784668,223.4600067138672,165.13999938964844,32.5099983215332
111.00847625732422,30.229999542236328,55.0,3162.780029296875,16.760000228881836,14.609020233154297,200.6999969482422,319.0,24.8075008392334,93.69999694824219,122.08000183105469,47.959999084472656,118.47000122070312,140.0399932861328,180.59788513183594,472.70001220703125,107.62000274658203,50.203800201416016,73.19999694824219,24.452499389648438,14.09000015258789,652.8900146484375,103.80000305175781,887.4075927734375,203.8000030517578,32.08000183105469,19.670000076293945,406.0199890136719,103.05999755859375,7880.0,1306.8099365234375,105.12562561035156,202.40939331054688,56.310001373291016,259.989990234375,33.650001525878906,122.12000274658203,27.510000228881836,486.239990234375,156.0500030517578,1516.6199951171875,1510.800048828125,48.529998779296875,307.94000244140625,26.579999923706055,505.0799865722656,42.86000061035156,12.699999809265137,17.479999542236328,91.5,5.329999923706055,80.08000183105469,5.119287967681885,25.920000076293945,38.001461029052734,34.06999969482422,39.56999969482422,7.820000171661377,16.505001068115234,20.100000381469727,18.649999618530273,12.729999542236328,57.31999969482422,24.952505111694336,17.350000381469727,25.309999465942383,9.920000076293945,18.639999389648438,1.7999999523162842,3.8299999237060547,0.9919999837875366,5.650000095367432,2.609999895095825,3.0899999141693115,6.079999923706055,4.989999771118164,202.67999267578125,267.6700134277344,75.94999694824219,76.23999786376953,83.8499984741211,138.36000061035156,137.66000366210938,113.69000244140625,113.94000244140625,291.3800048828125,269.7200012207031,308.0,25.16637420654297,96.54000091552734,40.09000015258789,11.489999771118164,93.9000015258789,0.7300000190734863,14.039999961853027,456.9700012207031,192.30999755859375,238.42999267578125,43.93047332763672,20.90999984741211,11.380000114440918,24.414440155029297,26.540000915527344,23.469999313354492,21.596105575561523,21.01300621032715,24.48860740661621,0.6000000238418579,35.08913803100586,41.97999954223633,76.18000030517578,35.47880172729492,80.3499984741211,78.36000061035156,134.1699981689453,65.04000091552734,106.41999816894531,26.5,27.209999084472656,476.7099914550781,130.07000732421875,108.11000061035156,107.94000244140625,55.59000015258789,214.69000244140625,364.2599792480469,8.529999732971191,35.709999084472656,66.55000305175781,57.875,57.42499923706055,361.44354248046875,19.510000228881836,347.2099914550781,154.8358154296875,26.3799991607666,80.48999786376953,74.45999908447266,213.94000244140625,102.58999633789062,232.10000610351562,121.58000183105469,30.826271057128906,173.3699951171875,109.80000305175781,141.97999572753906,66.87999725341797,130.6387481689453,101.38999938964844,50.97999954223633,57.7599983215332,216.3800048828125,161.4199981689453,31.309999465942383
115.12138366699219,31.290000915527344,51.45000076293945,3211.010009765625,16.850000381469727,14.961990356445312,201.50999450683594,324.0,24.8075008392334,91.08000183105469,122.86000061035156,48.02000045776367,121.54000091552734,139.9199981689453,184.59185791015625,472.70001220703125,107.62000274658203,50.203800201416016,73.19999694824219,24.404800415039062,14.09000015258789,652.8900146484375,104.66000366210938,919.6500244140625,203.0,32.08000183105469,19.790000915527344,410.8299865722656,103.5,7876.0,1287.2669677734375,107.35332489013672,207.0007781982422,56.7599983215332,267.0199890136719,34.060001373291016,115.91000366210938,31.989999771118164,504.2099914550781,151.85000610351562,1567.239990234375,1556.8800048828125,52.43000030517578,312.55999755859375,26.739999771118164,520.9600219726562,42.220001220703125,12.760000228881836,18.18000030517578,88.72000122070312,5.440000057220459,83.04000091552734,5.138715744018555,26.170000076293945,40.153053283691406,33.5,40.15999984741211,7.849999904632568,16.829999923706055,21.290000915527344,18.899999618530273,13.199999809265137,59.5,25.239999771118164,17.780000686645508,25.56999969482422,9.380000114440918,18.639999389648438,1.7799999713897705,4.090000152587891,1.0199999809265137,5.96999979019165,2.5199999809265137,3.1600000858306885,6.110000133514404,5.099999904632568,204.72000122070312,280.8299865722656,78.52999877929688,78.91999816894531,84.88999938964844,137.19000244140625,137.57000732421875,112.94999694824219,113.70999908447266,293.17999267578125,269.6300048828125,303.67999267578125,25.215625762939453,97.16999816894531,40.20000076293945,11.470000267028809,94.7699966430664,0.7300000190734863,14.0,461.1099853515625,195.0399932861328,237.13999938964844,43.79148483276367,20.860000610351562,11.260000228881836,24.440000534057617,26.479999542236328,23.540000915527344,21.61335563659668,21.141857147216797,24.547998428344727,0.5899999737739563,34.920867919921875,43.060001373291016,75.88999938964844,38.47200012207031,77.44999694824219,78.06999969482422,133.99000549316406,65.41000366210938,105.0,26.760000228881836,27.100000381469727,471.8800048828125,131.35000610351562,108.62999725341797,108.38999938964844,56.02000045776367,214.9499969482422,364.8599853515625,8.569999694824219,35.689998626708984,66.33000183105469,57.70000076293945,57.369998931884766,369.4123229980469,19.559999465942383,355.010009765625,160.3820037841797,26.729999542236328,80.66999816894531,74.01000213623047,216.44000244140625,101.37000274658203,230.07000732421875,126.44000244140625,32.19329071044922,176.0399932861328,109.51000213623047,146.19000244140625,68.80000305175781,131.87242126464844,103.36000061035156,51.06999969482422,57.91999816894531,217.82000732421875,160.75,31.049999237060547
108.67251586914062,31.489999771118164,54.25,3036.14990234375,16.5,15.177693367004395,201.89999389648438,324.54998779296875,24.774999618530273,96.44000244140625,120.08000183105469,48.060001373291016,121.25,138.75,181.43663024902344,4.754700183868408,98.4000015258789,47.8224983215332,70.11000061035156,24.552499771118164,1072.0,623.6900024414062,106.55999755859375,951.8925170898438,205.5,29.81999969482422,18.309999465942383,388.0400085449219,103.0,7766.0,1275.028076171875,110.06401824951172,207.51869201660156,56.9900016784668,259.4700012207031,33.40999984741211,110.20999908447266,30.579999923706055,475.739990234375,142.42999267578125,1621.010009765625,1616.1099853515625,41.36000061035156,304.69000244140625,25.579999923706055,501.3599853515625,39.38999938964844,12.770000457763672,17.420000076293945,89.13999938964844,5.53000020980835,81.5199966430664,5.002719879150391,26.729999542236328,40.94993591308594,34.27000045776367,39.88999938964844,7.96999979019165,16.56999969482422,20.56999969482422,18.229999542236328,13.300000190734863,59.22999954223633,25.020000457763672,17.959999084472656,26.520000457763672,9.40999984741211,18.75,0.699999988079071,4.050000190734863,0.9599999785423279,5.710000038146973,2.359999895095825,3.069999933242798,5.940000057220459,5.059999942779541,202.47000122070312,263.1099853515625,76.33999633789062,76.25,83.87000274658203,137.11000061035156,137.10000610351562,112.2699966430664,112.12999725341797,288.6400146484375,266.7099914550781,305.1400146484375,25.3799991607666,98.04000091552734,39.9900016784668,11.399999618530273,94.12999725341797,0.699999988079071,13.819999694824219,447.1000061035156,186.1300048828125,232.27000427246094,43.96025466918945,20.68000030517578,10.9399995803833,24.610000610351562,26.469999313354492,23.700000762939453,21.514211654663086,21.191415786743164,24.61728858947754,0.5699999928474426,35.118831634521484,42.2400016784668,75.20999908447266,37.040000915527344,77.5,78.08000183105469,133.2899932861328,64.63999938964844,105.11000061035156,27.020000457763672,27.010000228881836,473.1199951171875,131.2899932861328,106.83000183105469,105.63999938964844,56.11000061035156,213.0,357.6199951171875,8.569999694824219,35.900001525878906,63.88999938964844,56.83000183105469,56.560001373291016,359.79998779296875,20.010000228881836,349.6300048828125,156.1577606201172,26.170000076293945,85.0999984741211,73.20999908447266,216.91000366210938,100.56999969482422,229.5399932861328,123.36000061035156,31.851533889770508,177.19000244140625,109.56999969482422,144.58999633789062,69.5,129.79310607910156,102.95999908447266,50.15999984741211,58.45000076293945,216.94000244140625,158.10000610351562,30.729999542236328
108.67251586914062,31.489999771118164,54.25,3036.14990234375,16.5,15.177693367004395,201.89999389648438,324.54998779296875,24.774999618530273,96.44000244140625,120.08000183105469,48.060001373291016,121.25,138.75,181.43663024902344,4.754700183868408,98.4000015258789,47.8224983215332,70.11000061035156,24.552499771118164,1072.0,623.6900024414062,106.55999755859375,951.8925170898438,205.5,29.81999969482422,18.309999465942383,388.0400085449219,103.0,7766.0,1275.028076171875,110.06401824951172,207.51869201660156,56.9900016784668,259.4700012207031,33.40999984741211,110.20999908447266,30.579999923706055,475.739990234375,142.42999267578125,1621.010009765625,1616.1099853515625,41.36000061035156,304.69000244140625,25.579999923706055,501.3599853515625,39.38999938964844,12.770000457763672,17.420000076293945,89.13999938964844,5.53000020980835,81.5199966430664,5.002719879150391,26.729999542236328,40.94993591308594,34.27000045776367,39.88999938964844,7.96999979019165,16.56999969482422,20.56999969482422,18.229999542236328,13.300000190734863,59.22999954223633,25.020000457763672,17.959999084472656,26.520000457763672,9.40999984741211,18.75,0.699999988079071,4.050000190734863,0.9599999785423279,5.710000038146973,2.359999895095825,3.069999933242798,5.940000057220459,5.059999942779541,202.47000122070312,263.1099853515625,76.33999633789062,76.25,83.87000274658203,137.11000061035156,137.10000610351562,112.2699966430664,112.12999725341797,288.6400146484375,266.7099914550781,305.1400146484375,25.3799991607666,98.04000091552734,39.9900016784668,11.399999618530273,94.12999725341797,0.699999988079071,13.819999694824219,447.1000061035156,186.1300048828125,232.27000427246094,43.96025466918945,20.68000030517578,10.9399995803833,24.610000610351562,26.469999313354492,23.700000762939453,21.514211654663086,21.191415786743164,24.61728858947754,0.5699999928474426,35.118831634521484,42.2400016784668,75.20999908447266,37.040000915527344,77.5,78.08000183105469,133.2899932861328,64.63999938964844,105.11000061035156,27.020000457763672,27.010000228881836,473.1199951171875,131.2899932861328,106.83000183105469,105.63999938964844,56.11000061035156,213.0,357.6199951171875,8.569999694824219,35.900001525878906,63.88999938964844,56.83000183105469,56.560001373291016,359.79998779296875,20.010000228881836,349.6300048828125,156.1577606201172,26.170000076293945,85.0999984741211,73.20999908447266,216.91000366210938,100.56999969482422,229.5399932861328,123.36000061035156,31.851533889770508,177.19000244140625,109.56999969482422,144.58999633789062,69.5,129.79310607910156,102.95999908447266,50.15999984741211,58.45000076293945,216.94000244140625,158.10000610351562,30.729999542236328
108.67251586914062,31.489999771118164,54.25,3036.14990234375,16.5,15.177693367004395,201.89999389648438,324.54998779296875,24.774999618530273,96.44000244140625,120.08000183105469,48.060001373291016,121.25,138.75,181.43663024902344,4.754700183868408,98.4000015258789,47.8224983215332,70.11000061035156,24.552499771118164,1072.0,623.6900024414062,106.55999755859375,951.8925170898438,205.5,29.81999969482422,18.309999465942383,388.0400085449219,103.0,7766.0,1275.028076171875,110.06401824951172,207.51869201660156,56.9900016784668,259.4700012207031,33.40999984741211,110.20999908447266,30.579999923706055,475.739990234375,142.42999267578125,1621.010009765625,1616.1099853515625,41.36000061035156,304.69000244140625,25.579999923706055,501.3599853515625,39.38999938964844,12.770000457763672,17.420000076293945,89.13999938964844,5.53000020980835,81.5199966430664,5.002719879150391,26.729999542236328,40.94993591308594,34.27000045776367,39.88999938964844,7.96999979019165,16.56999969482422,20.56999969482422,18.229999542236328,13.300000190734863,59.22999954223633,25.020000457763672,17.959999084472656,26.520000457763672,9.40999984741211,18.75,0.699999988079071,4.050000190734863,0.9599999785423279,5.710000038146973,2.359999895095825,3.069999933242798,5.940000057220459,5.059999942779541,202.47000122070312,263.1099853515625,76.33999633789062,76.25,83.87000274658203,137.11000061035156,137.10000610351562,112.2699966430664,112.12999725341797,288.6400146484375,266.7099914550781,305.1400146484375,25.3799991607666,98.04000091552734,39.9900016784668,11.399999618530273,94.12999725341797,0.699999988079071,13.819999694824219,447.1000061035156,186.1300048828125,232.27000427246094,43.96025466918945,20.68000030517578,10.9399995803833,24.610000610351562,26.469999313354492,23.700000762939453,21.514211654663086,21.191415786743164,24.61728858947754,0.5699999928474426,35.118831634521484,42.2400016784668,75.20999908447266,37.040000915527344,77.5,78.08000183105469,133.2899932861328,64.63999938964844,105.11000061035156,27.020000457763672,27.010000228881836,473.1199951171875,131.2899932861328,106.83000183105469,105.63999938964844,56.11000061035156,213.0,357.6199951171875,8.569999694824219,35.900001525878906,63.88999938964844,56.83000183105469,56.560001373291016,359.79998779296875,20.010000228881836,349.6300048828125,156.1577606201172,26.170000076293945,85.0999984741211,73.20999908447266,216.91000366210938,100.56999969482422,229.5399932861328,123.36000061035156,31.851533889770508,177.19000244140625,109.56999969482422,144.58999633789062,69.5,129.79310607910156,102.95999908447266,50.15999984741211,58.45000076293945,216.94000244140625,158.10000610351562,30.729999542236328
108.5826644897461,32.45000076293945,51.75,3004.47998046875,17.34000015258789,15.7855863571167,204.30999755859375,332.6499938964844,25.434999465942383,96.41999816894531,122.38999938964844,48.619998931884766,120.12999725341797,140.39999389648438,184.46206665039062,475.29998779296875,98.4000015258789,47.8224983215332,70.11000061035156,24.84000015258789,13.925000190734863,623.6900024414062,107.04000091552734,1000.2069702148438,210.39999389648438,29.81999969482422,18.579999923706055,400.510009765625,106.0,7774.0,1307.599609375,111.29615020751953,217.13967895507812,57.70000076293945,266.9800109863281,34.810001373291016,113.44000244140625,33.31999969482422,484.1199951171875,143.55999755859375,1626.030029296875,1624.3199462890625,39.470001220703125,310.8399963378906,25.049999237060547,503.2300109863281,40.790000915527344,12.800000190734863,17.65999984741211,90.5199966430664,5.510000228881836,82.31999969482422,5.0221476554870605,27.15999984741211,41.09934997558594,34.54999923706055,40.959999084472656,8.199999809265137,16.399999618530273,20.969999313354492,18.93000030517578,13.760000228881836,60.33000183105469,25.959999084472656,18.40999984741211,27.399999618530273,9.630000114440918,19.59000015258789,0.8949000239372253,4.730000019073486,0.9599999785423279,6.659999847412109,2.1500000953674316,3.4600000381469727,5.849999904632568,5.300000190734863,202.3300018310547,261.3599853515625,77.4800033569336,77.5,85.70999908447266,138.69000244140625,138.5,113.83999633789062,114.75,289.9700012207031,270.739990234375,312.1000061035156,25.3799991607666,100.25,41.13999938964844,11.680000305175781,94.51000213623047,0.7099999785423279,14.279999732971191,444.94000244140625,187.75999450683594,232.4499969482422,44.138954162597656,20.6299991607666,10.9399995803833,24.68000030517578,26.530000686645508,24.079999923706055,21.44976806640625,21.003093719482422,24.557897567749023,0.5699999928474426,35.86119842529297,41.400001525878906,76.70999908447266,38.02000045776367,80.0,79.7699966430664,135.14999389648438,66.05999755859375,107.4800033569336,27.34000015258789,26.889999389648438,480.54998779296875,133.24000549316406,105.83000183105469,104.62000274658203,56.45000076293945,212.55999755859375,364.3900146484375,8.979999542236328,35.900001525878906,65.02999877929688,57.810001373291016,57.540000915527344,365.2099914550781,20.472999572753906,351.25,158.58297729492188,27.270000457763672,88.25,75.12999725341797,220.19000244140625,102.43000030517578,232.44000244140625,123.97000122070312,33.18926239013672,179.24000549316406,110.38999938964844,145.60000610351562,72.1500015258789,130.95712280273438,99.83999633789062,50.619998931884766,59.4900016784668,220.2100067138672,160.22999572753906,31.43000030517578
110.24979400634766,32.88999938964844,54.349998474121094,3048.409912109375,16.290000915527344,15.86402416229248,206.6300048828125,346.8500061035156,26.03499984741211,99.86000061035156,124.58999633789062,49.349998474121094,124.0199966430664,142.77999877929688,188.056640625,485.5,98.4000015258789,47.8224983215332,70.11000061035156,25.3700008392334,14.260000228881836,623.6900024414062,113.36000061035156,1012.630615234375,209.89999389648438,29.81999969482422,18.84000015258789,423.8999938964844,106.16000366210938,7963.0,1338.3944091796875,112.52828216552734,225.28665161132812,57.75,274.4800109863281,35.77000045776367,111.69999694824219,35.5,487.2200012207031,146.35000610351562,1650.2099609375,1645.6600341796875,41.72999954223633,285.57000732421875,25.3799991607666,520.780029296875,41.16999816894531,12.880000114440918,18.450000762939453,92.0,5.880000114440918,82.69000244140625,5.342710494995117,27.780000686645508,42.394290924072266,35.150001525878906,42.470001220703125,8.220000267028809,16.56999969482422,21.75,19.3799991607666,14.029999732971191,61.83000183105469,26.65999984741211,18.6200008392334,27.040000915527344,10.1899995803833,20.010000228881836,0.8801000118255615,4.909999847412109,0.949999988079071,6.619999885559082,2.3399999141693115,3.3499999046325684,6.0,5.5,206.42999267578125,265.29998779296875,74.97000122070312,75.80000305175781,87.69000244140625,138.5,141.22000122070312,116.66000366210938,117.0999984741211,295.3900146484375,277.3699951171875,321.3500061035156,25.260000228881836,103.41000366210938,41.880001068115234,11.869999885559082,96.79000091552734,0.7400000095367432,14.59000015258789,454.0199890136719,179.80999755859375,237.1300048828125,44.52613830566406,20.709999084472656,11.3100004196167,24.700000762939453,26.459999084472656,24.690000534057617,21.461170196533203,21.231063842773438,24.835052490234375,0.6000000238418579,35.82160568237305,42.619998931884766,76.91999816894531,37.724998474121094,81.05999755859375,81.05000305175781,137.0399932861328,68.4800033569336,109.55999755859375,27.459999084472656,26.940000534057617,491.5,135.8699951171875,109.70999908447266,109.0199966430664,56.79999923706055,216.8000030517578,371.9599914550781,8.960000038146973,36.68000030517578,65.26000213623047,58.959999084472656,58.689998626708984,372.05999755859375,19.979999542236328,353.760009765625,162.48915100097656,27.600000381469727,87.95999908447266,76.0199966430664,225.7100067138672,103.12999725341797,234.75999450683594,125.44999694824219,32.6229248046875,185.3800048828125,111.12000274658203,147.3000030517578,71.73999786376953,130.31044006347656,104.30999755859375,51.70000076293945,61.2400016784668,220.05999755859375,164.64999389648438,31.84000015258789
114.75202178955078,31.59000015258789,53.45000076293945,3241.159912109375,16.809999465942383,15.8149995803833,206.1699981689453,332.45001220703125,25.899999618530273,102.75,127.33999633789062,49.16999816894531,125.06999969482422,141.9600067138672,193.6781768798828,494.25,98.4000015258789,47.8224983215332,70.11000061035156,25.797500610351562,14.692500114440918,623.6900024414062,110.37999725341797,1017.363525390625,212.0,29.81999969482422,18.459999084472656,420.9800109863281,106.37999725341797,8511.0,1396.62841796875,110.30058288574219,217.05999755859375,57.220001220703125,269.1000061035156,40.9900016784668,118.5999984741211,37.709999084472656,496.95001220703125,149.2899932861328,1749.1300048828125,1745.8499755859375,42.7599983215332,295.7099914550781,26.1299991607666,551.77001953125,41.9900016784668,13.010000228881836,18.030000686645508,96.5,5.630000114440918,89.30999755859375,5.197000026702881,27.420000076293945,40.68098831176758,35.290000915527344,42.220001220703125,8.109999656677246,16.6299991607666,21.440000534057617,20.6200008392334,13.130000114440918,64.86000061035156,26.520000457763672,18.280000686645508,25.6299991607666,10.119999885559082,19.239999771118164,0.8560000061988831,4.429999828338623,0.925000011920929,6.0,2.309999942779541,3.2799999713897705,6.199999809265137,5.389999866485596,216.38999938964844,287.3800048828125,78.70999908447266,78.5,89.44999694824219,139.39999389648438,140.63999938964844,118.4800033569336,118.23999786376953,307.20001220703125,282.7200012207031,354.55999755859375,25.43000030517578,100.25,44.20000076293945,12.079999923706055,98.47000122070312,0.699999988079071,14.850000381469727,487.2300109863281,194.2899932861328,250.74000549316406,45.37000274658203,21.260000228881836,11.359999656677246,24.93000030517578,26.850000381469727,23.68000030517578,21.75215721130371,21.31035804748535,25.072612762451172,0.6100000143051147,36.95000076293945,43.70000076293945,80.62000274658203,42.209999084472656,84.62000274658203,83.76000213623047,137.86000061035156,69.69999694824219,111.52999877929688,27.040000915527344,27.219999313354492,510.9700012207031,134.16000366210938,112.44999694824219,112.66999816894531,56.4900016784668,214.8699951171875,376.1700134277344,8.979999542236328,36.56999969482422,69.97000122070312,60.18000030517578,59.790000915527344,383.0,21.219999313354492,364.6300048828125,161.5946044921875,29.860000610351562,94.5,73.31999969482422,227.9199981689453,102.45999908447266,240.52000427246094,128.97000122070312,32.447166442871094,186.74000549316406,116.0199966430664,152.02999877929688,71.7699966430664,147.83041381835938,109.44999694824219,55.040000915527344,65.43000030517578,230.3300018310547,168.22000122070312,31.709999084472656
118.82499694824219,33.43000030517578,53.099998474121094,3322.0,16.729999542236328,15.829999923706055,207.4499969482422,336.1499938964844,25.920000076293945,103.94999694824219,129.6999969482422,49.439998626708984,126.95999908447266,143.47000122070312,197.3426513671875,501.8999938964844,98.4000015258789,47.8224983215332,70.11000061035156,25.93000030517578,15.15999984741211,623.6900024414062,110.16000366210938,993.6992797851562,212.5,29.81999969482422,19.950000762939453,438.0899963378906,106.0999984741211,8529.0,1385.771240234375,113.12956237792969,237.97999572753906,58.150001525878906,279.07000732421875,41.959999084472656,126.62999725341797,42.349998474121094,513.760009765625,157.0399932861328,1763.3699951171875,1762.5,43.709999084472656,287.75,27.450000762939453,566.4000244140625,41.54999923706055,13.039999961853027,19.170000076293945,95.9000015258789,5.769999980926514,91.58999633789062,5.360000133514404,29.31999969482422,41.288612365722656,35.209999084472656,43.06999969482422,8.84000015258789,17.09000015258789,21.84000015258789,20.950000762939453,13.680000305175781,69.94999694824219,27.479999542236328,19.1299991607666,26.610000610351562,10.5,20.1299991607666,0.8999999761581421,6.269999980926514,0.9700000286102295,7.820000171661377,2.4600000381469727,3.5,6.619999885559082,5.429999828338623,223.2899932861328,294.67999267578125,80.83000183105469,81.12999725341797,90.43000030517578,139.75999450683594,142.3800048828125,118.33000183105469,118.62000274658203,316.5299987792969,285.8500061035156,354.3999938964844,25.459999084472656,104.3499984741211,44.25,12.069999694824219,103.4000015258789,0.7699999809265137,15.010000228881836,496.4700012207031,204.55999755859375,260.2200012207031,45.68000030517578,21.350000381469727,11.34000015258789,24.93000030517578,26.950000762939453,24.610000610351562,21.654895782470703,21.369829177856445,24.91423988342285,0.6200000047683716,36.38999938964844,44.349998474121094,80.45999908447266,42.099998474121094,85.04000091552734,84.2300033569336,138.0500030517578,70.3499984741211,113.52999877929688,27.510000228881836,27.34000015258789,514.760009765625,137.07000732421875,115.68000030517578,115.0,56.65999984741211,216.30999755859375,385.2300109863281,9.079999923706055,37.22999954223633,71.55999755859375,60.86000061035156,60.529998779296875,398.19000244140625,22.43000030517578,380.8699951171875,162.56866455078125,30.43000030517578,93.69000244140625,74.75,233.99000549316406,104.01000213623047,240.33999633789062,145.41000366210938,32.38857650756836,192.07000732421875,117.26000213623047,155.55999755859375,72.13999938964844,144.776123046875,110.6500015258789,55.15999984741211,63.75,231.97000122070312,169.25,32.540000915527344
118.69000244140625,33.15999984741211,52.79999923706055,3311.3701171875,16.639999389648438,15.640000343322754,208.85000610351562,337.79998779296875,25.774999618530273,103.5999984741211,128.89999389648438,49.45000076293945,127.45999908447266,145.77000427246094,198.17140197753906,496.82501220703125,106.27999877929688,50.52750015258789,74.02999877929688,25.952499389648438,1152.0,678.8200073242188,110.94000244140625,993.896484375,217.8000030517578,32.22999954223633,19.579999923706055,429.95001220703125,105.04000091552734,8473.0,1380.836181640625,112.40999603271484,237.55999755859375,58.529998779296875,279.7699890136719,44.869998931884766,125.45999908447266,41.630001068115234,514.72998046875,156.86000061035156,1761.75,1759.72998046875,43.119998931884766,299.95001220703125,27.049999237060547,582.47998046875,45.380001068115234,13.180000305175781,19.030000686645508,96.18000030517578,5.789999961853027,92.48999786376953,5.110000133514404,28.8700008392334,40.9698600769043,35.70000076293945,42.84000015258789,8.739999771118164,16.639999389648438,22.020000457763672,21.309999465942383,13.050000190734863,70.52999877929688,26.799999237060547,19.25,25.950000762939453,10.569999694824219,19.40999984741211,1.149999976158142,9.789999961853027,1.0700000524520874,9.630000114440918,2.490000009536743,3.4100000858306885,7.659999847412109,5.320000171661377,223.72000122070312,293.4100036621094,79.76000213623047,80.23999786376953,91.41000366210938,142.25,143.22999572753906,118.20999908447266,118.30000305175781,313.6400146484375,284.239990234375,347.4599914550781,25.40999984741211,102.95999908447266,44.13999938964844,12.119999885559082,103.73999786376953,0.75,15.039999961853027,494.6300048828125,202.72999572753906,260.1499938964844,45.38999938964844,21.280000686645508,11.329999923706055,24.75,26.770000457763672,24.309999465942383,21.514211654663086,21.18150520324707,24.736068725585938,0.6200000047683716,36.400001525878906,44.529998779296875,80.36000061035156,42.45000076293945,84.5199966430664,84.72000122070312,138.3800048828125,70.68000030517578,114.41999816894531,27.440000534057617,27.170000076293945,527.6599731445312,137.1999969482422,115.12000274658203,116.1500015258789,56.79999923706055,216.55999755859375,385.6600036621094,9.109999656677246,37.529998779296875,70.36000061035156,61.43000030517578,61.06999969482422,406.239990234375,22.989999771118164,380.6199951171875,166.6636962890625,29.790000915527344,92.8499984741211,75.72000122070312,236.2899932861328,103.55999755859375,245.4600067138672,145.00999450683594,32.00776672363281,190.07000732421875,123.55999755859375,157.74000549316406,71.1500015258789,142.0103302001953,111.5,55.52000045776367,63.79999923706055,231.6699981689453,168.52000427246094,32.97999954223633
118.69000244140625,33.15999984741211,52.79999923706055,3311.3701171875,16.639999389648438,15.640000343322754,208.85000610351562,337.79998779296875,25.774999618530273,103.5999984741211,128.89999389648438,49.45000076293945,127.45999908447266,145.77000427246094,198.17140197753906,496.82501220703125,106.27999877929688,50.52750015258789,74.02999877929688,25.952499389648438,1152.0,678.8200073242188,110.94000244140625,993.896484375,217.8000030517578,32.22999954223633,19.579999923706055,429.95001220703125,105.04000091552734,8473.0,1380.836181640625,112.40999603271484,237.55999755859375,58.529998779296875,279.7699890136719,44.869998931884766,125.45999908447266,41.630001068115234,514.72998046875,156.86000061035156,1761.75,1759.72998046875,43.119998931884766,299.95001220703125,27.049999237060547,582.47998046875,45.380001068115234,13.180000305175781,19.030000686645508,96.18000030517578,5.789999961853027,92.48999786376953,5.110000133514404,28.8700008392334,40.9698600769043,35.70000076293945,42.84000015258789,8.739999771118164,16.639999389648438,22.020000457763672,21.309999465942383,13.050000190734863,70.52999877929688,26.799999237060547,19.25,25.950000762939453,10.569999694824219,19.40999984741211,1.149999976158142,9.789999961853027,1.0700000524520874,9.630000114440918,2.490000009536743,3.4100000858306885,7.659999847412109,5.320000171661377,223.72000122070312,293.4100036621094,79.76000213623047,80.23999786376953,91.41000366210938,142.25,143.22999572753906,118.20999908447266,118.30000305175781,313.6400146484375,284.239990234375,347.4599914550781,25.40999984741211,102.95999908447266,44.13999938964844,12.119999885559082,103.73999786376953,0.75,15.039999961853027,494.6300048828125,202.72999572753906,260.1499938964844,45.38999938964844,21.280000686645508,11.329999923706055,24.75,26.770000457763672,24.309999465942383,21.514211654663086,21.18150520324707,24.736068725585938,0.6200000047683716,36.400001525878906,44.529998779296875,80.36000061035156,42.45000076293945,84.5199966430664,84.72000122070312,138.3800048828125,70.68000030517578,114.41999816894531,27.440000534057617,27.170000076293945,527.6599731445312,137.1999969482422,115.12000274658203,116.1500015258789,56.79999923706055,216.55999755859375,385.6600036621094,9.109999656677246,37.529998779296875,70.36000061035156,61.43000030517578,61.06999969482422,406.239990234375,22.989999771118164,380.6199951171875,166.6636962890625,29.790000915527344,92.8499984741211,75.72000122070312,236.2899932861328,103.55999755859375,245.4600067138672,145.00999450683594,32.00776672363281,190.07000732421875,123.55999755859375,157.74000549316406,71.1500015258789,142.0103302001953,111.5,55.52000045776367,63.79999923706055,231.6699981689453,168.52000427246094,32.97999954223633
118.69000244140625,33.15999984741211,52.79999923706055,3311.3701171875,16.639999389648438,15.640000343322754,208.85000610351562,337.79998779296875,25.774999618530273,103.5999984741211,128.89999389648438,49.45000076293945,127.45999908447266,145.77000427246094,198.17140197753906,496.82501220703125,106.27999877929688,50.52750015258789,74.02999877929688,25.952499389648438,1152.0,678.8200073242188,110.94000244140625,993.896484375,217.8000030517578,32.22999954223633,19.579999923706055,429.95001220703125,105.04000091552734,8473.0,1380.836181640625,112.40999603271484,237.55999755859375,58.529998779296875,279.7699890136719,44.869998931884766,125.45999908447266,41.630001068115234,514.72998046875,156.86000061035156,1761.75,1759.72998046875,43.119998931884766,299.95001220703125,27.049999237060547,582.47998046875,45.380001068115234,13.180000305175781,19.030000686645508,96.18000030517578,5.789999961853027,92.48999786376953,5.110000133514404,28.8700008392334,40.9698600769043,35.70000076293945,42.84000015258789,8.739999771118164,16.639999389648438,22.020000457763672,21.309999465942383,13.050000190734863,70.52999877929688,26.799999237060547,19.25,25.950000762939453,10.569999694824219,19.40999984741211,1.149999976158142,9.789999961853027,1.0700000524520874,9.630000114440918,2.490000009536743,3.4100000858306885,7.659999847412109,5.320000171661377,223.72000122070312,293.4100036621094,79.76000213623047,80.23999786376953,91.41000366210938,142.25,143.22999572753906,118.20999908447266,118.30000305175781,313.6400146484375,284.239990234375,347.4599914550781,25.40999984741211,102.95999908447266,44.13999938964844,12.119999885559082,103.73999786376953,0.75,15.039999961853027,494.6300048828125,202.72999572753906,260.1499938964844,45.38999938964844,21.280000686645508,11.329999923706055,24.75,26.770000457763672,24.309999465942383,21.514211654663086,21.18150520324707,24.736068725585938,0.6200000047683716,36.400001525878906,44.529998779296875,80.36000061035156,42.45000076293945,84.5199966430664,84.72000122070312,138.3800048828125,70.68000030517578,114.41999816894531,27.440000534057617,27.170000076293945,527.6599731445312,137.1999969482422,115.12000274658203,116.1500015258789,56.79999923706055,216.55999755859375,385.6600036621094,9.109999656677246,37.529998779296875,70.36000061035156,61.43000030517578,61.06999969482422,406.239990234375,22.989999771118164,380.6199951171875,166.6636962890625,29.790000915527344,92.8499984741211,75.72000122070312,236.2899932861328,103.55999755859375,245.4600067138672,145.00999450683594,32.00776672363281,190.07000732421875,123.55999755859375,157.74000549316406,71.1500015258789,142.0103302001953,111.5,55.52000045776367,63.79999923706055,231.6699981689453,168.52000427246094,32.97999954223633
116.31999969482422,37.52000045776367,58.95000076293945,3143.739990234375,19.15999984741211,18.079999923706055,221.5,374.0,27.260000228881836,130.0,128.9499969482422,52.56999969482422,142.58999633789062,143.5399932861328,212.36001586914062,528.25,106.27999877929688,50.52750015258789,74.02999877929688,27.225000381469727,15.625,678.8200073242188,128.5399932861328,1117.9364013671875,218.89999389648438,32.22999954223633,18.6299991607666,421.260009765625,112.0999984741211,8301.0,1409.656982421875,115.52999877929688,252.7899932861328,59.84000015258789,263.8800048828125,48.18000030517578,100.01000213623047,44.02000045776367,470.5,150.5,1763.0,1761.4200439453125,43.189998626708984,290.5299987792969,25.790000915527344,545.22998046875,41.099998474121094,13.239999771118164,20.450000762939453,112.5,6.880000114440918,84.86000061035156,5.599999904632568,26.899999618530273,44.78494644165039,38.209999084472656,43.31999969482422,8.0600004196167,17.68000030517578,25.299999237060547,21.450000762939453,15.220000267028809,71.30000305175781,29.850000381469727,19.729999542236328,26.25,11.270000457763672,20.420000076293945,1.3200000524520874,11.210000038146973,1.0499999523162842,10.100000381469727,3.7699999809265137,3.4700000286102295,6.934999942779541,5.769999980926514,218.38999938964844,278.7699890136719,78.55999755859375,78.33000183105469,89.02999877929688,146.0800018310547,137.99000549316406,114.4800033569336,115.5,344.55999755859375,269.9700012207031,350.0,25.5,116.9000015258789,42.02000045776367,12.180000305175781,109.1500015258789,0.7699999809265137,15.529999732971191,471.1400146484375,184.72000122070312,259.2799987792969,45.599998474121094,22.15999984741211,11.779999732971191,24.920000076293945,26.969999313354492,27.760000228881836,21.781898498535156,21.330183029174805,24.94393539428711,0.6200000047683716,39.20000076293945,47.18000030517578,80.5,42.09000015258789,85.18000030517578,83.93000030517578,138.4499969482422,73.12999725341797,109.38999938964844,28.299999237060547,27.530000686645508,484.989990234375,139.63999938964844,115.22000122070312,116.04000091552734,56.84000015258789,213.22000122070312,365.0,9.34000015258789,38.20000076293945,67.94000244140625,61.22999954223633,61.0,406.3299865722656,22.5,375.5400085449219,162.23072814941406,30.510000228881836,95.12000274658203,75.51000213623047,240.22000122070312,113.22000122070312,233.77999877929688,142.61000061035156,36.060001373291016,198.0,122.77999877929688,156.22000122070312,79.4000015258789,141.6024169921875,108.19999694824219,54.04999923706055,64.08000183105469,235.0,153.4499969482422,33.34000015258789
115.97000122070312,38.22999954223633,63.0,3035.02001953125,19.489999771118164,19.100000381469727,228.47999572753906,373.95001220703125,27.520000457763672,137.64999389648438,127.70999908447266,53.97999954223633,142.11000061035156,145.55999755859375,212.98907470703125,529.7999877929688,106.27999877929688,50.52750015258789,74.02999877929688,27.6924991607666,14.890000343322754,678.8200073242188,134.39999389648438,1162.7010498046875,218.60000610351562,32.22999954223633,18.030000686645508,410.3599853515625,116.68000030517578,8530.0,1448.5455322265625,117.91000366210938,261.1600036621094,61.099998474121094,267.2699890136719,47.0,105.20999908447266,41.54999923706055,480.239990234375,125.01000213623047,1740.3900146484375,1737.719970703125,42.40999984741211,266.5400085449219,24.100000381469727,510.79998779296875,38.540000915527344,13.180000305175781,20.469999313354492,120.44999694824219,7.050000190734863,80.08000183105469,5.440000057220459,25.940000534057617,46.2392578125,38.20000076293945,42.9900016784668,7.739999771118164,18.06999969482422,24.780000686645508,21.600000381469727,15.229999542236328,69.38999938964844,29.610000610351562,19.8700008392334,26.850000381469727,11.6899995803833,20.760000228881836,1.1699999570846558,8.300000190734863,1.0199999809265137,8.329999923706055,3.509999990463257,3.3399999141693115,6.75,6.099999904632568,211.00999450683594,272.42999267578125,73.80000305175781,74.5999984741211,87.66000366210938,148.27999877929688,140.25999450683594,113.8499984741211,113.44999694824219,334.7799987792969,275.57000732421875,353.69000244140625,25.540000915527344,116.5199966430664,41.459999084472656,12.210000038146973,112.47000122070312,0.75,15.470000267028809,452.0,183.36000061035156,247.66000366210938,45.439998626708984,22.219999313354492,11.640000343322754,24.850000381469727,26.84000015258789,27.65999984741211,21.62327003479004,21.40947723388672,24.993425369262695,0.6000000238418579,38.68000030517578,47.77000045776367,81.11000061035156,37.494998931884766,83.94999694824219,84.25,141.72000122070312,74.80000305175781,110.80999755859375,28.850000381469727,27.40999984741211,468.5899963378906,139.94000244140625,116.77999877929688,117.75,56.66999816894531,213.32000732421875,366.6199951171875,9.319999694824219,38.720001220703125,67.52999877929688,61.91999816894531,61.56999969482422,399.29998779296875,21.1299991607666,363.1300048828125,163.7315673828125,31.31999969482422,98.87000274658203,75.98999786376953,238.7100067138672,114.55999755859375,225.8800048828125,140.11000061035156,36.86000061035156,201.25999450683594,121.72000122070312,151.49000549316406,83.06999969482422,145.810791015625,113.95999908447266,56.56999969482422,64.5199966430664,241.60000610351562,155.7100067138672,33.279998779296875
119.48999786376953,37.349998474121094,63.099998474121094,3137.389892578125,19.40999984741211,18.8799991607666,227.3699951171875,387.6000061035156,27.559999465942383,148.6999969482422,127.66000366210938,53.58000183105469,137.82000732421875,147.97999572753906,212.37998962402344,546.5,106.27999877929688,50.52750015258789,74.02999877929688,28.102500915527344,15.140000343322754,678.8200073242188,135.52000427246094,1173.3499755859375,223.10000610351562,32.22999954223633,20.18000030517578,417.1300048828125,117.0999984741211,8785.0,1444.4000244140625,117.19999694824219,260.7699890136719,61.0,267.80999755859375,46.22999954223633,106.20999908447266,43.08000183105469,490.760009765625,127.88999938964844,1752.7099609375,1747.22998046875,43.630001068115234,265.6499938964844,25.170000076293945,536.719970703125,38.459999084472656,13.279999732971191,21.940000534057617,120.69999694824219,7.050000190734863,82.83999633789062,5.349999904632568,25.790000915527344,46.04999923706055,37.400001525878906,43.84000015258789,7.659999847412109,18.18000030517578,23.979999542236328,21.059999465942383,14.869999885559082,71.16000366210938,29.399999618530273,19.360000610351562,27.459999084472656,11.600000381469727,20.360000610351562,1.159999966621399,7.659999847412109,1.0499999523162842,8.039999961853027,3.130000114440918,3.5299999713897705,7.0,5.980000019073486,216.5500030517578,276.4800109863281,73.44000244140625,73.0,90.87999725341797,147.8000030517578,142.07000732421875,115.63999938964844,116.23999786376953,332.3900146484375,277.75,351.70001220703125,25.540000915527344,114.77999877929688,42.560001373291016,12.550000190734863,115.1500015258789,0.7799999713897705,15.979999542236328,467.75,192.33999633789062,254.17999267578125,46.349998474121094,22.34000015258789,11.779999732971191,24.770000457763672,26.889999389648438,27.34000015258789,21.712499618530273,21.538330078125,24.89463996887207,0.6299999952316284,38.5,47.66999816894531,81.05999755859375,37.29999923706055,83.94999694824219,86.0,143.89999389648438,75.25,112.6500015258789,28.729999542236328,27.3700008392334,484.0,142.47999572753906,119.51000213623047,118.37999725341797,57.20000076293945,218.02000427246094,372.9200134277344,9.489999771118164,39.33000183105469,67.69999694824219,62.95000076293945,62.56999969482422,418.04998779296875,20.5,375.9200134277344,165.6300048828125,31.979999542236328,98.1500015258789,77.54000091552734,242.75,110.23999786376953,233.13999938964844,147.69000244140625,36.47999954223633,200.0,125.1500015258789,155.6999969482422,82.45999908447266,144.01998901367188,115.08999633789062,58.02000045776367,63.41999816894531,240.69000244140625,158.0,34.470001220703125
119.20999908447266,36.060001373291016,62.599998474121094,3110.280029296875,18.940000534057617,18.280000686645508,224.72000122070312,372.5,27.145000457763672,144.75,126.63999938964844,53.0099983215332,135.52000427246094,148.22999572753906,208.25999450683594,541.5999755859375,106.27999877929688,50.52750015258789,74.02999877929688,27.93000030517578,15.145000457763672,678.8200073242188,132.36000061035156,1175.0,223.3000030517578,32.22999954223633,19.56999969482422,411.760009765625,118.26000213623047,8660.0,1446.4000244140625,114.5,256.8699951171875,60.790000915527344,267.1600036621094,46.400001525878906,108.72000122070312,48.29999923706055,486.7699890136719,128.89999389648438,1749.8399658203125,1742.8199462890625,42.810001373291016,264.30999755859375,25.889999389648438,538.27001953125,40.29999923706055,13.329999923706055,21.6200008392334,121.0,6.809999942779541,86.37999725341797,5.300000190734863,25.90999984741211,44.720001220703125,36.7400016784668,42.70000076293945,7.940000057220459,18.079999923706055,23.690000534057617,21.790000915527344,14.420000076293945,69.80000305175781,29.110000610351562,18.93000030517578,25.639999389648438,11.510000228881836,19.809999465942383,1.1399999856948853,6.989999771118164,1.0399999618530273,7.400000095367432,2.940000057220459,3.9000000953674316,6.775000095367432,5.949999809265137,215.44000244140625,275.0799865722656,73.30000305175781,73.0,89.81999969482422,148.3000030517578,142.14999389648438,115.77999877929688,115.5,328.2900085449219,276.239990234375,354.4100036621094,25.479999542236328,113.37000274658203,42.650001525878906,12.220000267028809,110.86000061035156,0.75,15.699999809265137,462.5799865722656,189.10000610351562,249.4199981689453,44.95000076293945,22.239999771118164,11.5600004196167,24.600000381469727,26.920000076293945,26.690000534057617,21.969999313354492,21.459999084472656,24.8799991607666,0.6299999952316284,37.54999923706055,47.97999954223633,79.86000061035156,37.5,85.33000183105469,85.62000274658203,143.83999633789062,74.83999633789062,111.94999694824219,28.440000534057617,27.400999069213867,486.55999755859375,139.69000244140625,117.43000030517578,118.12999725341797,56.45000076293945,213.07000732421875,375.7099914550781,9.449999809265137,38.66999816894531,68.22000122070312,62.709999084472656,62.369998931884766,412.7200012207031,20.700000762939453,370.20001220703125,163.11000061035156,30.68000030517578,97.5999984741211,76.66999816894531,238.14999389648438,109.5999984741211,232.99000549316406,143.91000366210938,35.22999954223633,200.49000549316406,126.80999755859375,154.5,80.66999816894531,141.02999877929688,112.66000366210938,56.84000015258789,62.75,237.13999938964844,157.97999572753906,33.09000015258789
119.20999908447266,36.060001373291016,63.77579879760742,3110.280029296875,18.940000534057617,18.280000686645508,224.72000122070312,371.0,27.079999923706055,145.8000030517578,126.63999938964844,53.0099983215332,135.52000427246094,148.22999572753906,208.25999450683594,538.5,111.4800033569336,51.43000030517578,75.62999725341797,27.7450008392334,1153.5,670.719970703125,133.94000244140625,1162.5999755859375,225.74000549316406,34.625,19.56999969482422,411.760009765625,118.9000015258789,8665.0,1447.0,114.5,256.8699951171875,60.790000915527344,267.1600036621094,46.400001525878906,108.72000122070312,48.29999923706055,486.7699890136719,128.89999389648438,1749.8399658203125,1742.8199462890625,42.810001373291016,264.30999755859375,25.889999389648438,538.27001953125,40.29999923706055,13.329999923706055,21.6200008392334,121.44999694824219,6.809999942779541,86.37999725341797,5.300000190734863,25.90999984741211,44.720001220703125,36.7400016784668,42.70000076293945,7.940000057220459,18.079999923706055,23.690000534057617,21.790000915527344,14.420000076293945,69.80000305175781,29.110000610351562,18.93000030517578,25.639999389648438,11.510000228881836,19.809999465942383,1.1399999856948853,6.989999771118164,1.0399999618530273,7.400000095367432,2.940000057220459,3.9000000953674316,6.775000095367432,5.949999809265137,215.44000244140625,275.0799865722656,73.30000305175781,73.0,89.81999969482422,148.3000030517578,142.14999389648438,115.77999877929688,115.5,328.2900085449219,276.239990234375,354.4100036621094,25.479999542236328,113.37000274658203,42.650001525878906,12.220000267028809,110.86000061035156,0.75,15.699999809265137,462.5799865722656,189.10000610351562,249.4199981689453,44.95000076293945,22.239999771118164,11.5600004196167,24.600000381469727,26.920000076293945,26.690000534057617,21.969999313354492,21.459999084472656,24.8799991607666,0.6299999952316284,37.54999923706055,47.97999954223633,79.86000061035156,37.5,85.33000183105469,85.62000274658203,143.83999633789062,74.83999633789062,111.94999694824219,28.440000534057617,27.400999069213867,486.55999755859375,139.69000244140625,117.43000030517578,118.12999725341797,56.45000076293945,213.07000732421875,375.7099914550781,9.449999809265137,38.66999816894531,68.22000122070312,62.709999084472656,62.369998931884766,412.7200012207031,20.700000762939453,370.20001220703125,163.11000061035156,30.68000030517578,97.5999984741211,76.66999816894531,238.14999389648438,109.5999984741211,232.99000549316406,143.91000366210938,35.22999954223633,200.49000549316406,126.80999755859375,154.5,80.66999816894531,141.02999877929688,112.66000366210938,56.84000015258789,62.75,237.13999938964844,157.97999572753906,33.09000015258789
